Квартира;Этаж;Цена;Статус;Площадь;Телефон;Описание;Ссылка на объявление
2-к, Ядринцевская, 57;22 / 27 этаж;;;42 м2;Показать контакты;В продаже в ЖК Расцветай на Ядринцевской имеется просторная квартира 2к студия площадью 42 кв.м. расположенная на 22 этаже с прекрасным видом. Двор закрытый, на территории комплекса имеется детская площадка, парковка для машин, круглосуточное видеонаблюдение. В пешей доступности Центральный парк,театр,кафе, клиника Ниито,есть школа,университет,детский сад,магазины на любой вкус.В квартире сделан качественный и стильный ремонт с дорогостоящей техникой (Samsung).Просторная спальня сделает ваше время провождение комфортным и уютным.Кухонная зона предусматривает все необходимое для комфортного использования. Кухонный гарнитур изготовлен на заказ по индивидуальным параметрам,установлена посудомоечная машина на 60 см.Теплый балкон возможно оборустроить под удобную зону отдыха либо рабочий кабинет,имеется теплый пол,заменены все стеклопакеты,что позволяет зимой с комфортом проводить время.Прихожая обустроенная встроенной системой хранения.Вся техника и мебель остаётся в квартире.Приглашаем вас на живые просмотры, с удовольствием ответим на все имеющиеся вопросы. Подходит под ипотеку желательно ВТБ;https://novosibirsk.n1.ru//view/78602428/
3-к, Немировича-Данченко, 167/1;12 / 25 этаж;;;55 м2;Показать контакты;Полная цена в договоре!!! Никаких обременений!!! Никаких дополнительных комиссий!!! Отличный вид из окон. Современная планировка: кухня-гостиная, две изолированные комнаты, прачечная, просторная прихожая. В квартире выполнен ремонт из высококачественных материалов. Все в едином стиле. В квартире никто не жил, вся мебель и техника новые, в подарок! Видеонаблюдение, круглосуточная охрана, территория огорожена, детская и спортивная площадки, концепция двор без машин, подземные и наземные автопарковки.Отличное месторасположение комплекса, до метро 5 минут пешком. Подходит под ипотеку! Один взрослый собственник! Никто не зарегистрирован.;https://novosibirsk.n1.ru//view/78280264/
3-к, Восход, 20/1;16 / 19 этаж;;;70 м2;Показать контакты;Квартира с дизайнерским ремонтом и прекрасным видом на весь город. На полах паркетная доска, потолки тканевые, кухня - массив дуба, освещение от Centrsvet. Удобная гардеробная. В санузле душевая и ванная. Во всех комнатах кондиционеры и приточная вентиляция Бризер Тион. Вся техника и мебель остается! Изюминка квартиры - потрясающий вид на город, набережную и новый вантовый мост. Дом построен в 2015, в отличие от новостроек вас не будет беспокоить шум от ремонтов, но при этом дом все еще новый. На этаже всего 5 квартир, есть общая кладовая, колясочная, круглосуточная охрана. Лифт опускается на подземную парковку, где доступны места, как для приобретения, так и аренды. Дом расположен в инфраструктурно развитом месте. В шаговой доступности метро (7 мин), набережная (12 мин), X-Fit, Бахетле, детские сады и школы.;https://novosibirsk.n1.ru//view/78096484/
3-к, Немировича-Данченко, 167/3;17 / 25 этаж;;;61 м2;Показать контакты;В продаже евротрешка в одном из лучших ЖК левого берега. Шикарный вид из окон, 17 этаж! Современная планировка: кухня-гостиная, две изолированные комнаты, прачечная, просторная прихожая. В квартире выполнен ремонт из высококачественных материалов. Все в едином стиле. В квартире никто не жил, вся мебель и техника новые, в подарок! Видеонаблюдение, круглосуточная охрана, территория огорожена, детская и спортивная площадки, концепция двор без машин, подземные и наземные автопарковки.Отличное месторасположение комплекса, до метро 5 минут пешком. Подходит под ипотеку, желательно ВТБ! Один взрослый собственник! Никто не зарегистрирован.;https://novosibirsk.n1.ru//view/77084513/
1-к, Красный проспект, 180;8 / 26 этаж;;;29 м2;Показать контакты;''В продаже Студия, площадью 29.86, под номером 99 в новом Доме ЖК ''Тайм Парк''.'' В современном мире очень не хватает времени, и все мы стремимся успеть то, что запланировали или чуточку больше. Апартаменты Тайм Парк расположены в центральной части, на главной улице города - Красный проспект. Это комфортное проживание и качественное пространство, позволяющее экономить время и жить в ритме города.Здесь доступна вся центральная инфраструктура крупнейшие торговые центры, ВУЗы, салоны, рестораны, места отдыха.Многофункциональная застройка создаст новую городскую среду более разнообразную, интенсивную по коммуникациям.;https://novosibirsk.n1.ru//view/78985118/
3-к, Ипподромская, 1 стр.;25 / 25 этаж;;;72 м2;Показать контакты;''В продаже 3-комнатная квартира, площадью 72.1, под номером 473 в новом Доме ЖК ''Сакура парк''.'' Сакура парк это квартал из трех 25-этажных домов комфорт-класса, расположенный в новом центре, в шаговой доступности от станции метро ''Октябрьская''. Камерное благоустройство каждого двора соседствует с зеленым парком ''Аллея городов''. Освещение территории, тихий приватный двор, доступная центральная инфраструктура и транспортные развязки формируют комфортные условия для жизни. А ближайшее расположение центра Сибирь-Хоккайдо позволяет окунуться в философию и культуру Японии и разнообразить свой досуг.Большой торгово-развлекательный центр ''Аура'' находится непосредственно рядом с комплексом, буквальнов 5 минутах ходьбы. Более 100 магазинов, детский развлекательный центр, рестораны, фуд-корт и многозальный кинотеатр.Концепция благоустройства, разработанная дизайнерским бюро, отвечает всем запросам современного городского жителя. Соседство с зеленым парком, спортивные и детские площадки, уютные места для отдыха все, что нужно для комфорта вашей жизни!Квартал Сакура парк - это воплощение комфорта и сбалансированной жизни в тандеме с природой.;https://novosibirsk.n1.ru//view/78985099/
3-к, Нарымская, 22 стр.;11 / 25 этаж;;;62 м2;Показать контакты;''Прованс'' это городские резиденции в историческом центре Новосибирска рядом с Нарымским сквером от застройщика Группы компаний ''Дом-Строй''.В проекте представлены 440 квартир с продуманными и функциональными планировками Площадью от 20 до 131 м2. Каждая квартира отличается удобным зонированием с правильным разделением приватных и общественных зон, панорамными видами на город и такими приятными деталями, как наличие в спальне отдельной ванной с окном и гардеробной.Локация:5 минут от Нарымского сквера,10 минут от ст. м. Красный проспект,Нарымская 22 жизнь в историческом центре города,Достопримечательности Новосибирска на расстоянии прогулки.Внутренний двор: Приватная и безопасная территория с авторским благоустройством и трехуровневым освещением, Экологичные игровые пространства и зоны для отдыха с беседкамиКомфорт в каждой детали: бесшумные высокоскоростные лифты, безбарьерный вход в подъезд, комфортные келлеры-кладовые, подземный паркинг,Собственная управляющая компания: Собственное мобильное приложение для управления домофоном и коммунальными расходами, Продуманная система круглосуточного видеонаблюдения без слепых зон.Городские резиденции ''Прованс'' - привилегия высоких стандартов жизни в историческом центре города.;https://novosibirsk.n1.ru//view/78903087/
1-к, Красный проспект, 104;12 / 14 этаж;;;35 м2;Показать контакты;Berlin - единственный дом, который строится на главной улице Новосибирска.Дом сдан! Скидки до 3 млн р.В городе больше нет возможности реализации новых проектов в аналогичной близости к Красному проспекту!Каждая из квартир в доме Berlin это единичный, коллекционный экземпляр, который никогда не обесценится и отдается только в одни руки, как произведение искусства.Как и любая эксклюзивная вещь, коллекционная недвижимость в Berlin со временем будет только дорожать, а значит это выгодный вариант для инвестиций.;https://novosibirsk.n1.ru//view/77119342/
1-к, Большевистская, 14 стр.;9 / 17 этаж;;;27 м2;Показать контакты;Продаются 1-комнатные апартаменты в строящемся доме (1 этап), срок сдачи: IV-кв. 2024, общей площадью 27.9 кв.м., на 9 этаже. FREEDOM - мультифункциональный комплекс с высоким уровнем сервиса и исключительной инфраструктурой. Чтобы следовать привычному образу жизни не нужно покидать здания. Собственная инфраструктура комплекса позволяет вести жизнь и работу просто перемещаясь на лифте. В вашем распоряжении все для лучшего отдыха, эффективной работы и поддержания здоровья: масштабный торговый центр, самая большая улица фуд-кортов, концептуальные рестораны, современный спортзал, зона велнесс и многое другое. FREEDOM - многофункциональный community mall, в котором на одной площадке реализован симбиоз рекреации, ритейла, деловой функции и жизни. Объект расположен в самом большом парке, где отмечают все городские праздники, - на Михайловской набережной - и является её инфраструктурным дополнением. В нем реализован community mall, который сделает городскую набережную более популярным и комфортным местом для жителей и гостей города.;https://novosibirsk.n1.ru//view/77119182/
2-к, Красный проспект, 104;12 / 14 этаж;;;52 м2;Показать контакты;Berlin - единственный дом, который строится на главной улице Новосибирска.Дом сдан! Скидки до 3 млн р.В городе больше нет возможности реализации новых проектов в аналогичной близости к Красному проспекту!Каждая из квартир в доме Berlin это единичный, коллекционный экземпляр, который никогда не обесценится и отдается только в одни руки, как произведение искусства.Как и любая эксклюзивная вещь, коллекционная недвижимость в Berlin со временем будет только дорожать, а значит это выгодный вариант для инвестиций.;https://novosibirsk.n1.ru//view/78877628/
2-к, Дуси Ковальчук, 248/2;14 / 23 этаж;;;77 м2;Показать контакты;Продается квартира в ЖК ''Заельцовский NEW''!Акция! Скидка до 5000 руб. с каждого кв.метра! Ипотека с господдержкой, рассрочка, скидки за быстрый расчет!ЖК Заельцовский NEW от застройщика ''Сибирь Девелопмент'' это второй дом жилого комплекса ''Заельцовский'', расположенный на ул. Дуси Ковальчук, 248/2. 4-подъездное 23-этажное здание объединено стилистическим решением и общей придомовой территорией с первым домом жилого комплекса, сданным в 2018 году. РасположениеЖК Заельцовский NEW расположен в тихом квартале на второй линии улицы Дуси Ковальчук, в 7 минутах ходьбы от площади Калинина и метро ''Заельцовская''. Умиротворяющая атмосфера закрытой территории двора сочетается с комфортным доступом в любую точку города.ИнфраструктураЖителям ЖК Заельцовский NEW доступна вся развитая инфраструктура площади Калинина, а также собственная инфраструктура магазины и семейные заведения, расположенные в коммерческих этажах первого здания жилого комплекса. В шаговой доступности находятся сетевые супермаркеты, торгово-развлекательные комплексы, школы и ВУЗы, медицинские учреждения, спортивные и развивающие центры для детей и взрослых. ТерриторияЗакрытая территория, концепция ''двор без машин'', круглосуточная охрана и видеонаблюдение делают пространство ЖК Заельцовский NEW полностью безопасным и максимально удобным для проживания семей с детьми. Дополнительным удобством станет возможность размещения автомобилей на двухуровневом подземном паркинге. Заельцовский NEW жилой комплекс семейного формата, обустроенный с учетом удобства жителей всех возрастов. Пандусы и входные группы без ступеней сделают комфортным передвижение по зданию и территории пожилых людей и семей с детьми. Современные скоростные лифты доставят жильцов до квартир напрямую от парковки. На обширной зелёной территории двора разместятся игровые комплексы для малышей и подростков, широкие дорожки для прогулок и пробежек, скамейки и беседки для отдыха, а для любителей спорта велодорожки и уличные тренажеры.КвартирыВ ЖК Заельцовский NEW представлен богатый выбор квартир площадью от 26 до 197 кв.м. Квартиры в ЖК Заельцовский NEW спроектированы с минимальным количеством перегородок для того, чтобы будущие жители дома могли самостоятельно зонировать пространство в соответствии со своими вкусами и жизненными задачами.Места общественного пользованияБлагодаря великолепным панорамным витражам входных групп, высоким потолкам, светлой отделке и зеркальным поверхностям, вестибюли ЖК Заельцовский максимально наполнены светом и воздухом. Применение в общих холлах системы теплых полов освобождает пространство и создаёт при входе в вестибюль ощущение исключительного комфорта. В цокольном этаже можно приобрести фэймили-боксы семейные кладовые для дополнительного хранения.Срок сдачиIV квартал 2023 годаПродажиВыгодные условия покупки: ипотека, рассрочка с фиксацией цены, скидки за быстрый полный расчет!Продажа по ДДУ от застройщика.Наши специалисты по продажам будут рады предоставить под;https://novosibirsk.n1.ru//view/76195969/
1-к, Дмитрия Донского, 25/1;3 / 25 этаж;;;97 м2;Показать контакты;Продаётся квартира в ЖК Classic House!Дом сдан! Быстрое оформление и получение ключей!Плюсы квартиры:- Просторная площадь- Панорамное остекление- Качественная предчистовая отделка ЖК Classic House 25-этажный дом бизнес-класса, расположенный на второй линии Красного проспекта в 10 минутах ходьбы от станции метро Заельцовская. Яркая архитектура в стиле московских высоток, престижная локация, развитая инфраструктура, просторные планировки и продуманное благоустройство делают этот комплекс идеальным вариантом проживания современного городского жителя. Двор-парк свободен от машин и оснащён детскими и спортивными площадками, зонами отдыха, обучающим велотреком и классической колоннадой. Предусмотрен бесплатный наземный паркинг, консьерж-сервис и видеонаблюдение.Входные группы без ступеней удобны для молодых родителей и пожилых людей. Каждый подъезд оборудован просторным тамбуром с помещением для колясок и велосипедов. В вестибюлях ЖК Classic House создан неповторимый современный интерьер в духе европейских бутик-отелей. В каждом подъезде расположена стойка ресепшн с консьержем, помогающим жителям в решении всех бытовых вопросов.Концепция свободных планировок позволяет создавать оригинальную жилую среду, панорамные окна зрительно расширяют комнаты, а французские балконы создают в квартирах особую атмосферу.Продажа по ДКП от застройщика.ЖК Classic House входит в портфолио бренда ''Сибирь Девелопмент'' (застройщик ООО ''Академ Консалтинг'');https://novosibirsk.n1.ru//view/73746831/
1-к, Дмитрия Донского, 25/1;3 / 25 этаж;;;97 м2;Показать контакты;Продаётся квартира в ЖК Classic House!Дом сдан! Быстрое оформление и получение ключей!Плюсы квартиры:- Просторная площадь- Панорамное остекление- Качественная предчистовая отделка ЖК Classic House 25-этажный дом бизнес-класса, расположенный на второй линии Красного проспекта в 10 минутах ходьбы от станции метро Заельцовская. Яркая архитектура в стиле московских высоток, престижная локация, развитая инфраструктура, просторные планировки и продуманное благоустройство делают этот комплекс идеальным вариантом проживания современного городского жителя. Двор-парк свободен от машин и оснащён детскими и спортивными площадками, зонами отдыха, обучающим велотреком и классической колоннадой. Предусмотрен бесплатный наземный паркинг, консьерж-сервис и видеонаблюдение.Входные группы без ступеней удобны для молодых родителей и пожилых людей. Каждый подъезд оборудован просторным тамбуром с помещением для колясок и велосипедов. В вестибюлях ЖК Classic House создан неповторимый современный интерьер в духе европейских бутик-отелей. В каждом подъезде расположена стойка ресепшн с консьержем, помогающим жителям в решении всех бытовых вопросов.Концепция свободных планировок позволяет создавать оригинальную жилую среду, панорамные окна зрительно расширяют комнаты, а французские балконы создают в квартирах особую атмосферу.Продажа по ДКП от застройщика.ЖК Classic House входит в портфолио бренда ''Сибирь Девелопмент'' (застройщик ООО ''Академ Консалтинг'');https://novosibirsk.n1.ru//view/73746792/
2-к, Дмитрия Донского, 25/1;1 / 25 этаж;;;51 м2;Показать контакты;Продаётся квартира в ЖК Classic House!Дом сдан! Быстрое оформление и получение ключей!Плюсы квартиры:- Просторная площадь- Панорамное остекление- Качественная предчистовая отделка ЖК Classic House 25-этажный дом бизнес-класса, расположенный на второй линии Красного проспекта в 10 минутах ходьбы от станции метро Заельцовская. Яркая архитектура в стиле московских высоток, престижная локация, развитая инфраструктура, просторные планировки и продуманное благоустройство делают этот комплекс идеальным вариантом проживания современного городского жителя. Двор-парк свободен от машин и оснащён детскими и спортивными площадками, зонами отдыха, обучающим велотреком и классической колоннадой. Предусмотрен бесплатный наземный паркинг, консьерж-сервис и видеонаблюдение.Входные группы без ступеней удобны для молодых родителей и пожилых людей. Каждый подъезд оборудован просторным тамбуром с помещением для колясок и велосипедов. В вестибюлях ЖК Classic House создан неповторимый современный интерьер в духе европейских бутик-отелей. В каждом подъезде расположена стойка ресепшн с консьержем, помогающим жителям в решении всех бытовых вопросов.Концепция свободных планировок позволяет создавать оригинальную жилую среду, панорамные окна зрительно расширяют комнаты, а французские балконы создают в квартирах особую атмосферу.Продажа по ДКП от застройщика.ЖК Classic House входит в портфолио бренда ''Сибирь Девелопмент'' (застройщик ООО ''Академ Консалтинг'');https://novosibirsk.n1.ru//view/73746827/
2-к, Дмитрия Донского, 25/1;1 / 25 этаж;;;54 м2;Показать контакты;Продаётся квартира в ЖК Classic House!Дом сдан! Быстрое оформление и получение ключей!Плюсы квартиры:- Просторная площадь- Панорамное остекление- Качественная предчистовая отделка ЖК Classic House 25-этажный дом бизнес-класса, расположенный на второй линии Красного проспекта в 10 минутах ходьбы от станции метро Заельцовская. Яркая архитектура в стиле московских высоток, престижная локация, развитая инфраструктура, просторные планировки и продуманное благоустройство делают этот комплекс идеальным вариантом проживания современного городского жителя. Двор-парк свободен от машин и оснащён детскими и спортивными площадками, зонами отдыха, обучающим велотреком и классической колоннадой. Предусмотрен бесплатный наземный паркинг, консьерж-сервис и видеонаблюдение.Входные группы без ступеней удобны для молодых родителей и пожилых людей. Каждый подъезд оборудован просторным тамбуром с помещением для колясок и велосипедов. В вестибюлях ЖК Classic House создан неповторимый современный интерьер в духе европейских бутик-отелей. В каждом подъезде расположена стойка ресепшн с консьержем, помогающим жителям в решении всех бытовых вопросов.Концепция свободных планировок позволяет создавать оригинальную жилую среду, панорамные окна зрительно расширяют комнаты, а французские балконы создают в квартирах особую атмосферу.Продажа по ДКП от застройщика.ЖК Classic House входит в портфолио бренда ''Сибирь Девелопмент'' (застройщик ООО ''Академ Консалтинг'');https://novosibirsk.n1.ru//view/73746828/
1-к, Дмитрия Донского, 25/1;1 / 25 этаж;;;96 м2;Показать контакты;Продаётся квартира в ЖК Classic House!Дом сдан! Быстрое оформление и получение ключей!Плюсы квартиры:- Просторная площадь- Панорамное остекление- Качественная предчистовая отделка ЖК Classic House 25-этажный дом бизнес-класса, расположенный на второй линии Красного проспекта в 10 минутах ходьбы от станции метро Заельцовская. Яркая архитектура в стиле московских высоток, престижная локация, развитая инфраструктура, просторные планировки и продуманное благоустройство делают этот комплекс идеальным вариантом проживания современного городского жителя. Двор-парк свободен от машин и оснащён детскими и спортивными площадками, зонами отдыха, обучающим велотреком и классической колоннадой. Предусмотрен бесплатный наземный паркинг, консьерж-сервис и видеонаблюдение.Входные группы без ступеней удобны для молодых родителей и пожилых людей. Каждый подъезд оборудован просторным тамбуром с помещением для колясок и велосипедов. В вестибюлях ЖК Classic House создан неповторимый современный интерьер в духе европейских бутик-отелей. В каждом подъезде расположена стойка ресепшн с консьержем, помогающим жителям в решении всех бытовых вопросов.Концепция свободных планировок позволяет создавать оригинальную жилую среду, панорамные окна зрительно расширяют комнаты, а французские балконы создают в квартирах особую атмосферу.Продажа по ДКП от застройщика.ЖК Classic House входит в портфолио бренда ''Сибирь Девелопмент'' (застройщик ООО ''Академ Консалтинг'');https://novosibirsk.n1.ru//view/73746825/
2-к, Дмитрия Донского, 25/1;6 / 25 этаж;;;51 м2;Показать контакты;Продаётся квартира в ЖК Classic House!Дом сдан! Быстрое оформление и получение ключей!Плюсы квартиры:- Просторная площадь- Панорамное остекление- Качественная предчистовая отделка ЖК Classic House 25-этажный дом бизнес-класса, расположенный на второй линии Красного проспекта в 10 минутах ходьбы от станции метро Заельцовская. Яркая архитектура в стиле московских высоток, престижная локация, развитая инфраструктура, просторные планировки и продуманное благоустройство делают этот комплекс идеальным вариантом проживания современного городского жителя. Двор-парк свободен от машин и оснащён детскими и спортивными площадками, зонами отдыха, обучающим велотреком и классической колоннадой. Предусмотрен бесплатный наземный паркинг, консьерж-сервис и видеонаблюдение.Входные группы без ступеней удобны для молодых родителей и пожилых людей. Каждый подъезд оборудован просторным тамбуром с помещением для колясок и велосипедов. В вестибюлях ЖК Classic House создан неповторимый современный интерьер в духе европейских бутик-отелей. В каждом подъезде расположена стойка ресепшн с консьержем, помогающим жителям в решении всех бытовых вопросов.Концепция свободных планировок позволяет создавать оригинальную жилую среду, панорамные окна зрительно расширяют комнаты, а французские балконы создают в квартирах особую атмосферу.Продажа по ДКП от застройщика.ЖК Classic House входит в портфолио бренда ''Сибирь Девелопмент'' (застройщик ООО ''Академ Консалтинг'');https://novosibirsk.n1.ru//view/73746795/
2-к, Нарымская, 22 стр.;16 / 25 этаж;;;45 м2;Показать контакты;''Прованс'' это городские резиденции в историческом центре Новосибирска рядом с Нарымским сквером от застройщика Группы компаний ''Дом-Строй''.В проекте представлены 440 квартир с продуманными и функциональными планировками Площадью от 20 до 131 м2. Каждая квартира отличается удобным зонированием с правильным разделением приватных и общественных зон, панорамными видами на город и такими приятными деталями, как наличие в спальне отдельной ванной с окном и гардеробной.Локация:5 минут от Нарымского сквера,10 минут от ст. м. Красный проспект,Нарымская 22 жизнь в историческом центре города,Достопримечательности Новосибирска на расстоянии прогулки.Внутренний двор: Приватная и безопасная территория с авторским благоустройством и трехуровневым освещением, Экологичные игровые пространства и зоны для отдыха с беседкамиКомфорт в каждой детали: бесшумные высокоскоростные лифты, безбарьерный вход в подъезд, комфортные келлеры-кладовые, подземный паркинг,Собственная управляющая компания: Собственное мобильное приложение для управления домофоном и коммунальными расходами, Продуманная система круглосуточного видеонаблюдения без слепых зон.Городские резиденции ''Прованс'' - привилегия высоких стандартов жизни в историческом центре города.;https://novosibirsk.n1.ru//view/76193327/
1-к, Нарымская, 22 стр.;9 / 25 этаж;;;20 м2;Показать контакты;''Прованс'' это городские резиденции в историческом центре Новосибирска рядом с Нарымским сквером от застройщика Группы компаний ''Дом-Строй''.В проекте представлены 440 квартир с продуманными и функциональными планировками Площадью от 20 до 131 м2. Каждая квартира отличается удобным зонированием с правильным разделением приватных и общественных зон, панорамными видами на город и такими приятными деталями, как наличие в спальне отдельной ванной с окном и гардеробной.Локация:5 минут от Нарымского сквера,10 минут от ст. м. Красный проспект,Нарымская 22 жизнь в историческом центре города,Достопримечательности Новосибирска на расстоянии прогулки.Внутренний двор: Приватная и безопасная территория с авторским благоустройством и трехуровневым освещением, Экологичные игровые пространства и зоны для отдыха с беседкамиКомфорт в каждой детали: бесшумные высокоскоростные лифты, безбарьерный вход в подъезд, комфортные келлеры-кладовые, подземный паркинг,Собственная управляющая компания: Собственное мобильное приложение для управления домофоном и коммунальными расходами, Продуманная система круглосуточного видеонаблюдения без слепых зон.Городские резиденции ''Прованс'' - привилегия высоких стандартов жизни в историческом центре города.;https://novosibirsk.n1.ru//view/76193296/
1-к, Нарымская, 22 стр.;11 / 25 этаж;;;29 м2;Показать контакты;''Прованс'' это городские резиденции в историческом центре Новосибирска рядом с Нарымским сквером от застройщика Группы компаний ''Дом-Строй''.В проекте представлены 440 квартир с продуманными и функциональными планировками Площадью от 20 до 131 м2. Каждая квартира отличается удобным зонированием с правильным разделением приватных и общественных зон, панорамными видами на город и такими приятными деталями, как наличие в спальне отдельной ванной с окном и гардеробной.Локация:5 минут от Нарымского сквера,10 минут от ст. м. Красный проспект,Нарымская 22 жизнь в историческом центре города,Достопримечательности Новосибирска на расстоянии прогулки.Внутренний двор: Приватная и безопасная территория с авторским благоустройством и трехуровневым освещением, Экологичные игровые пространства и зоны для отдыха с беседкамиКомфорт в каждой детали: бесшумные высокоскоростные лифты, безбарьерный вход в подъезд, комфортные келлеры-кладовые, подземный паркинг,Собственная управляющая компания: Собственное мобильное приложение для управления домофоном и коммунальными расходами, Продуманная система круглосуточного видеонаблюдения без слепых зон.Городские резиденции ''Прованс'' - привилегия высоких стандартов жизни в историческом центре города.;https://novosibirsk.n1.ru//view/76193255/
2-к, Нарымская, 22 стр.;18 / 25 этаж;;;48 м2;Показать контакты;''Прованс'' это городские резиденции в историческом центре Новосибирска рядом с Нарымским сквером от застройщика Группы компаний ''Дом-Строй''.В проекте представлены 440 квартир с продуманными и функциональными планировками Площадью от 20 до 131 м2. Каждая квартира отличается удобным зонированием с правильным разделением приватных и общественных зон, панорамными видами на город и такими приятными деталями, как наличие в спальне отдельной ванной с окном и гардеробной.Локация:5 минут от Нарымского сквера,10 минут от ст. м. Красный проспект,Нарымская 22 жизнь в историческом центре города,Достопримечательности Новосибирска на расстоянии прогулки.Внутренний двор: Приватная и безопасная территория с авторским благоустройством и трехуровневым освещением, Экологичные игровые пространства и зоны для отдыха с беседкамиКомфорт в каждой детали: бесшумные высокоскоростные лифты, безбарьерный вход в подъезд, комфортные келлеры-кладовые, подземный паркинг,Собственная управляющая компания: Собственное мобильное приложение для управления домофоном и коммунальными расходами, Продуманная система круглосуточного видеонаблюдения без слепых зон.Городские резиденции ''Прованс'' - привилегия высоких стандартов жизни в историческом центре города.;https://novosibirsk.n1.ru//view/76193208/
1-к, Кирова, 50;15 / 25 этаж;;;75 м2;Показать контакты;Richmond Residence это уникальный моно-квартал премиум-класса в центре Новосибирска от застройщика ГК ''Дом-Строй''.Моно-квартал представляет собой комплекс из двух 25-этажных домов высотой более 92 метров, с бизнес-центром, объединённым внутренними пешеходными связями и общим парковым двором. В доме спроектировано 292 просторные квартиры свободной планировки площадью от 50 до 300 кв.м.Преимущества Richmond Residence:Внутренний двор: Приватная и безопасная территория. Английский сад с крупномерными елями из австрийских питомников, сухой музыкальный фонтан и ландшафтный дизайн. Игровые пространства, которые состоят из: детской площадки и зоны для малышей с песочницей из тактильного белого песка под уютным пергалом.Комфорт в каждой детали: Двухуровневый подземный паркинг и закрытый наземный паркинг. Уютное лобби, где можно проводить встречи у камина. Библиотека, собранная лучшими декораторами.Собственная управляющая компания: Круглосуточный 5-ти звездочный консьерж-сервис с выстроенной логистикой: учитываются даже самые взыскательные пожелания резидентов, предоставляя им VIP-обслуживание и полную конфиденциальность. Собственное мобильное приложение. Продуманная система видеонаблюдения без слепых зон.Моно-квартал стал обладателем нескольких наград в премии Urban Awards за счет классического английского архитектурного стиля и уникальных фасадных решений.Richmond Residence это не просто резиденции премиум класса, это образ жизни.;https://novosibirsk.n1.ru//view/76193146/
1-к, Кирова, 50;23 / 25 этаж;;;76 м2;Показать контакты;Richmond Residence это уникальный моно-квартал премиум-класса в центре Новосибирска от застройщика ГК ''Дом-Строй''.Моно-квартал представляет собой комплекс из двух 25-этажных домов высотой более 92 метров, с бизнес-центром, объединённым внутренними пешеходными связями и общим парковым двором. В доме спроектировано 292 просторные квартиры свободной планировки площадью от 50 до 300 кв.м.Преимущества Richmond Residence:Внутренний двор: Приватная и безопасная территория. Английский сад с крупномерными елями из австрийских питомников, сухой музыкальный фонтан и ландшафтный дизайн. Игровые пространства, которые состоят из: детской площадки и зоны для малышей с песочницей из тактильного белого песка под уютным пергалом.Комфорт в каждой детали: Двухуровневый подземный паркинг и закрытый наземный паркинг. Уютное лобби, где можно проводить встречи у камина. Библиотека, собранная лучшими декораторами.Собственная управляющая компания: Круглосуточный 5-ти звездочный консьерж-сервис с выстроенной логистикой: учитываются даже самые взыскательные пожелания резидентов, предоставляя им VIP-обслуживание и полную конфиденциальность. Собственное мобильное приложение. Продуманная система видеонаблюдения без слепых зон.Моно-квартал стал обладателем нескольких наград в премии Urban Awards за счет классического английского архитектурного стиля и уникальных фасадных решений.Richmond Residence это не просто резиденции премиум класса, это образ жизни.;https://novosibirsk.n1.ru//view/76193141/
1-к, Кирова, 50;10 / 25 этаж;;;53 м2;Показать контакты;Richmond Residence это уникальный моно-квартал премиум-класса в центре Новосибирска от застройщика ГК ''Дом-Строй''.Моно-квартал представляет собой комплекс из двух 25-этажных домов высотой более 92 метров, с бизнес-центром, объединённым внутренними пешеходными связями и общим парковым двором. В доме спроектировано 292 просторные квартиры свободной планировки площадью от 50 до 300 кв.м.Преимущества Richmond Residence:Внутренний двор: Приватная и безопасная территория. Английский сад с крупномерными елями из австрийских питомников, сухой музыкальный фонтан и ландшафтный дизайн. Игровые пространства, которые состоят из: детской площадки и зоны для малышей с песочницей из тактильного белого песка под уютным пергалом.Комфорт в каждой детали: Двухуровневый подземный паркинг и закрытый наземный паркинг. Уютное лобби, где можно проводить встречи у камина. Библиотека, собранная лучшими декораторами.Собственная управляющая компания: Круглосуточный 5-ти звездочный консьерж-сервис с выстроенной логистикой: учитываются даже самые взыскательные пожелания резидентов, предоставляя им VIP-обслуживание и полную конфиденциальность. Собственное мобильное приложение. Продуманная система видеонаблюдения без слепых зон.Моно-квартал стал обладателем нескольких наград в премии Urban Awards за счет классического английского архитектурного стиля и уникальных фасадных решений.Richmond Residence это не просто резиденции премиум класса, это образ жизни.;https://novosibirsk.n1.ru//view/77013650/
1-к, Овражная, 2а;8 / 25 этаж;;;37 м2;Показать контакты;Продаётся квартира в ЖК ''Тайм Сквер''!Просторная планировка, престижное расположение, сквер у дома!Спешите бронировать на старте продаж! Специальная цена при быстром расчёте!''Тайм Сквер'' это 25-этажный жилой комплекс, расположенный в спокойном квартале рядом со станциями метро Заельцовская и Гагаринская, сразу за ТРЦ ''Ройял Парк''.Непосредственно рядом с жилым комплексом раскинется новый сквер площадью около двух гектаров.Дизайнерские вестибюли с высотой потолков 7 метровБесшумные скоростные лифты от квартиры до парковки Лаунж-зона с WiFi Закрытая благоустроенная территорияДвухуровневый подземный паркингКеллеры-кладовые для хранения.Умная система доступаКруглосуточная охрана и видеонаблюдениеКонсьерж-сервис Качественная предфинишная отделка квартирЖК ''Тайм Сквер'' отличается многообразием планировочных решений: здесь можно выбрать резиденции площадью от 40 до 157 кв.м, в том числе резиденции с террасами, видовые резиденции и двухуровневые хайфлэты с высотой 6 м. ИнфраструктураУдобная локация в прямом доступе к центральной части города предоставляет жителям ''Тайм Сквер'' множество возможностей для комфортной жизни. Рядом находятся лучшие образовательные, культурные, медицинские и деловые заведения города, парки, множество детских спортивных и развивающих центров. В пешей доступности:5 минут до станций метро Заельцовская, Гагаринская 5-7 минут до гимназии 9, частной школы ''Аврора'', школы 120, школы ''Журавушка''2-5 минут до государственных и частных детских садов1 минута до ТРЦ Ройял Парк 3 минуты до супермаркета ''Бахетле''15 минут до зоопарка и дендропаркаНа автомобиле: 6 минут до гипермаркета METRO 10 минут до НОВАТа10 минут до Заельцовского парка15 минут до аквапарка ''Аквамир''Сдача ЖК ''Тайм Сквер'' запланирована на II квартал 2025 годаЖК ''Тайм Сквер'' - проект бренда ''Сибирь Девелопмент''.;https://novosibirsk.n1.ru//view/76472735/
